run,hr,min,sec,AoA,AoS,dPb,pBar,temp,B1,B2,B3,B4,B5,B6,rpmWT,rho,q,V,Re,rpsM1,rpsM2,iM1,iM2,dPtQ,tM1,tM2,vM1,vM2,pInf,nu,J_M1,J_M2,FX,FY,FZ,MX,MY,MZ,CFX,CFY,CFZ,CMX,CMY,CMZ,CN,CT,CY,CL,CD,CYaw,CMroll,CMpitch,CMpitch25c,CMyaw,B1_zeroed,B2_zeroed,B3_zeroed,B4_zeroed,B5_zeroed,B6_zeroed,B1_zero,B2_zero,B3_zero,B4_zero,B5_zero,B6_zero,config,source_file,rudder_deg,V_round,AoA_round,AoS_round,J,J_round
28.0,8.0,10.0,41.0,2.496,-9.995,104.26,101189.0,289.28999999999996,330.2,896.7,533.5,-88.4,83.8,-457.2,0.0,1.2185471305276716,243.22698967108667,19.98019463460076,223798.9645853479,49.21,49.21,0.59,0.58,0.0,19.603,19.399,45.032,44.352,101189.0,1.4728956569678325e-05,1.9981249644581995,1.9981249644581995,2.613840920831155,8.52080265536963,29.33895051356545,-1.046044641833161,-1.9136533810016112,2.840559422068558,0.049484384084391125,0.16131305770954663,0.5554354453156867,-0.01417980994861138,-0.2195947502517446,0.038505615479357116,0.5570635110491933,0.0252484225010611,-0.16131305770954663,0.5554354453156867,0.07673120982660647,-0.15027617340869562,0.029580165622244418,-0.233542070790895,-0.233542070790895,0.03975728940925177,284.59999999999997,870.2,536.1,-83.60000000000001,64.8,-434.7,45.6,26.5,-2.6,-4.8,19.0,-22.5,rudder_0_elevator_0,raw_rudder_0_elevator_0.txt,0.0,20,2.5,-10,1.9981249644581995,2.0
20.0,8.0,3.0,34.0,2.496,-10.0,414.92,101193.0,289.89,683.6,4276.0,2362.5,-391.9,-76.4,-2171.3,0.0,1.2160731113350067,972.3909594001356,39.99038738198461,446306.3469309787,98.42,98.43,6.88,6.75,0.0,21.406,21.947,30.325,30.385,101193.0,1.4782670205155337e-05,1.9996249492965537,1.9994217973155215,5.8498046751061,41.28985933234438,118.92845611132647,-1.0097392902756508,-7.416589613684414,14.027813347794028,0.027701369096436956,0.1955254400497549,0.5631779592281011,-0.003423736231037571,-0.2128794685405792,0.047564290370402176,0.5638500368901678,0.0031488901381546072,-0.1955254400497549,0.5631779592281011,0.061233159407388466,-0.187744677009647,0.049565245623132186,-0.22068718164664555,-0.22068718164664555,0.04967771306264627,638.0,4249.5,2365.1,-387.09999999999997,-95.4,-2148.8,45.6,26.5,-2.6,-4.8,19.0,-22.5,rudder_0_elevator_0,raw_rudder_0_elevator_0.txt,0.0,40,2.5,-10,1.9996249492965537,2.0
26.0,8.0,9.0,3.0,2.496,-8.0,104.24,101190.0,289.33,328.7,671.0,453.6,-22.7,105.8,-350.6,0.0,1.2183907064735384,243.18033430725566,19.979560682557434,223739.12325650058,49.21,49.21,0.6,0.58,0.0,20.185,19.959,44.909,44.134,101190.0,1.4732428520159189e-05,1.9980615659064234,1.9980615659064234,2.7008721050822952,6.304538068544964,29.06200962874485,-1.016482703594064,-1.7175706052780777,2.1996451419946084,0.051141840024383114,0.11937835809494415,0.5502980479614616,-0.01378172238987187,-0.19713175526160212,0.029823329601195405,0.5520031693373514,0.027128037761588182,-0.11937835809494415,0.5502980479614616,0.06725838743643071,-0.11109900765522297,0.018547779873250243,-0.2115462346772814,-0.2115462346772814,0.03060278429156354,294.0,655.5,456.3,-17.299999999999997,86.9,-336.70000000000005,34.7,15.5,-2.7,-5.4,18.9,-13.9,rudder_0_elevator_0,raw_rudder_0_elevator_0.txt,0.0,20,2.5,-8,1.9980615659064234,2.0
25.0,8.0,8.0,10.0,2.496,-4.0,104.33,101191.0,289.37,249.6,428.2,323.7,74.6,129.6,-246.9,0.0,1.2182343256648152,243.39028373602326,19.98946635397758,223797.30524426766,49.21,49.21,0.56,0.58,0.0,20.549,20.332,44.893,43.941,101191.0,1.4735900733930148e-05,1.9990521853531449,1.9990521853531449,2.3299064614085596,3.712117485203861,27.612775519369457,-0.1648759289195914,-1.070392192010539,1.5605708355783914,0.04407943608746352,0.07022944832698436,0.5224053385249141,-0.002233500088357423,-0.12274678804362647,0.02114035154793409,0.5238293575557128,0.021287051648551245,-0.07022944832698436,0.5224053385249141,0.04887101946486486,-0.06698354689448856,0.016623563043344895,-0.13517070794628464,-0.13517070794628464,0.0218442451378315,253.6,417.5,329.7,77.6,106.6,-239.1,-4.0,10.7,-6.0,-3.0,23.0,-7.8,rudder_0_elevator_0,raw_rudder_0_elevator_0.txt,0.0,20,2.5,-4,1.9990521853531449,2.0
15.0,7.0,59.0,55.0,2.496,-3.995,415.08,101192.0,289.75,605.0,2336.1,1540.5,210.3,155.2,-1304.0,0.0,1.2166486644737404,972.7688038271755,39.98869424008703,446666.043676063,98.44,98.42,6.41,7.57,0.0,21.335,21.615,30.295,30.305,101192.0,1.4770140458672607e-05,1.9991340422443982,1.9995402877315438,5.588414801971608,21.11283129232872,111.21177813921176,0.6874384260027631,-4.17427049379646,8.459759605888756,0.026453295349840374,0.0999396039195734,0.5264315763496248,0.002330001096537516,-0.11976816470708398,0.02867347592537017,0.5270841634519289,0.003502292248953324,-0.0999396039195734,0.5264315763496248,0.033351751582638436,-0.09785377832683352,0.02922062074276895,-0.127224104523003,-0.127224104523003,0.029918819906269257,609.0,2325.4,1546.5,213.3,132.2,-1296.2,-4.0,10.7,-6.0,-3.0,23.0,-7.8,rudder_0_elevator_0,raw_rudder_0_elevator_0.txt,0.0,40,2.5,-4,1.9991340422443982,2.0
1.0,7.0,50.0,35.0,-5.003,0.0,416.15,101202.0,289.04999999999995,-712.5,-304.7,-677.2,-537.7,-44.9,145.1,0.0,1.2197155774698278,975.2956993346116,39.99022680162341,448650.62717508303,123.03,123.03,17.61,17.79,0.0,17.271,17.78,34.089,33.593,101202.0,1.4705369044506352e-05,1.5996285235477827,1.5996285235477827,-6.721431338813685,-3.1663429218524537,-75.4105237120606,-1.0934200877537406,5.99503041632642,-0.988469440303608,-0.031734103840804745,-0.014949353792758899,-0.35603806236163577,-0.003696431773671626,0.17156374702536076,-0.0033416340959565157,-0.35191414013263134,-0.06266253403364494,0.014949353792758899,-0.3560380623616357,-0.03173410384080475,0.014949353792758899,-0.0081712325562684,0.1805080983895318,0.1805080983895318,-0.002616306857077556,-731.4,-315.5,-667.6,-528.0,-82.3,151.29999999999998,18.9,10.8,-9.6,-9.7,37.4,-6.2,rudder_0_elevator_0,raw_rudder_0_elevator_0.txt,0.0,40,-5.0,0,1.5996285235477827,1.6
7.0,7.0,54.0,18.0,-5.0,0.0,415.49,101197.0,289.33,1459.2,52.1,-922.2,-925.5,1613.0,-82.3,0.0,1.218474990839042,973.7370409857693,39.97859556381135,447727.296587814,82.03,82.02,0.83,0.83,0.0,23.481,24.357,30.965,30.78,101197.0,1.4731409448451123e-05,2.398452479684511,2.3987449025666967,13.257633833432498,-0.2696693397625085,-73.4722255451341,-0.4063086231071196,6.469241607603115,0.4903263071331226,0.0626938744929595,-0.0012752362868127815,-0.34744197531155196,-0.0013757714861863846,0.1854309064635704,0.001660257533109189,-0.35158398489705356,0.03217374195272375,0.0012752362868127815,-0.34744197531155196,0.0626938744929595,0.0012752362868127815,-0.0015838966782435763,0.16776045184290983,0.16776045184290983,0.0017919854433781223,1440.3,41.3,-912.6,-915.8,1575.6,-76.1,18.9,10.8,-9.6,-9.7,37.4,-6.2,rudder_0_elevator_0,raw_rudder_0_elevator_0.txt,0.0,40,-5.0,0,2.398452479684511,2.4
21.0,8.0,6.0,9.0,2.496,0.0,104.48,101192.0,289.45,-113.3,-50.8,254.6,245.6,-130.7,25.6,0.0,1.2179096580800357,243.7402011165107,20.006496532749907,223880.23999536084,61.52,61.52,1.82,1.43,0.0,21.349,21.333,38.423,39.307,101192.0,1.474299164301762e-05,1.6004091023428386,1.6004091023428386,-0.9319082618249623,-0.4510785254429525,27.399318182824143,-0.6615314907139264,-0.9836431997653596,-0.14677862358023153,-0.017605435719067194,-0.008521690717051646,0.5176227690795845,-0.0089486044791796,-0.11263694683674103,-0.0019854895297582624,0.5163649715108268,-0.04013101834115487,0.008521690717051646,0.5176227690795845,-0.017605435719067187,0.008521690717051646,-0.011253232353620395,-0.10767480252094076,-0.10767480252094076,-0.0024736800489331898,-101.03333333333333,-45.56666666666666,259.76666666666665,247.33333333333331,-151.6,22.5,-12.266666666666666,-5.233333333333333,-5.166666666666667,-1.7333333333333336,20.900000000000002,3.1,rudder_0_elevator_0,raw_rudder_0_elevator_0.txt,0.0,20,2.5,0,1.6004091023428386,1.6
22.0,8.0,6.0,43.0,2.496,0.0,104.43,101192.0,289.40999999999997,402.7,-22.7,167.0,158.0,281.8,12.1,0.0,1.2180779880835713,243.62356175831005,20.000326911601103,223866.14398139532,41.01,41.01,0.2,0.11,0.0,21.186,21.102,34.335,33.595,101192.0,1.4739373210956738e-05,2.40006841422405,2.40006841422405,3.815258420395117,-0.16726073737495267,26.79357289407993,-0.3765608943918384,-0.6325710064314363,-0.05961498266754427,0.07211165324211705,-0.0031613712534193906,0.5064214857181766,-0.005096216670148588,-0.07247036275986547,-0.0008068040866315275,0.5090814621803817,0.0499887646836889,0.0031613712534193906,0.5064214857181767,0.07211165324211705,0.0031613712534193906,-0.005946442188302658,-0.09279524627585775,-0.09279524627585775,-0.0010650040626027685,414.96666666666664,-17.466666666666665,172.16666666666666,159.73333333333332,260.90000000000003,9.0,-12.266666666666666,-5.233333333333333,-5.166666666666667,-1.7333333333333336,20.900000000000002,3.1,rudder_0_elevator_0,raw_rudder_0_elevator_0.txt,0.0,20,2.5,0,2.40006841422405,2.4
23.0,8.0,7.0,7.0,2.496,0.0,104.31,101191.0,289.40999999999997,493.9,-21.9,150.0,143.4,354.5,10.9,0.0,1.2180659507882505,243.34362824262422,19.988931776445074,223736.3857873665,35.15,35.15,-0.16,-0.09,0.0,21.031,20.886,26.85,26.17,101191.0,1.4739518869890942e-05,2.798598214688046,2.798598214688046,4.654314004575608,-0.1689258464752604,26.642614314089887,-0.34189192198866836,-0.5732011392690834,-0.05201633241975676,0.08807172076410835,-0.0031965161710154856,0.5041475254977595,-0.004632344142364678,-0.06574420936734623,-0.00070477696984002,0.5075047145505892,0.06603272047091621,0.0031965161710154856,0.5041475254977595,0.08807172076410835,0.0031965161710154856,-0.0054973492986371735,-0.09056748528883096,-0.09056748528883096,-0.00094351590866166,506.16666666666663,-16.666666666666664,155.16666666666666,145.13333333333333,333.6,7.800000000000001,-12.266666666666666,-5.233333333333333,-5.166666666666667,-1.7333333333333336,20.900000000000002,3.1,rudder_0_elevator_0,raw_rudder_0_elevator_0.txt,0.0,20,2.5,0,2.798598214688046,2.8
24.0,8.0,7.0,32.0,2.496,0.0,104.52,101192.0,289.39,232.4,-28.3,198.6,185.0,143.7,14.5,0.0,1.218162170535493,243.83351276965868,20.00825165955574,223982.337972026,49.21,49.21,0.56,0.54,0.0,20.844,20.649,44.904,43.815,101192.0,1.4737564119370353e-05,2.0009308151026115,2.0009308151026115,2.24850780270859,-0.2276828277309029,26.992761027976172,-0.5098789872201681,-0.77383137595471,-0.07495816123212283,0.04246213089407797,-0.004299695123048848,0.5097470200378204,-0.006894546019007889,-0.08857749222779641,-0.001013578721752513,0.5111126154067658,0.020222546070150726,0.004299695123048848,0.5097470200378204,0.04246213089407798,0.004299695123048848,-0.008054596006220405,-0.10054556986103658,-0.10054556986103658,-0.0013633918642211684,244.66666666666669,-23.066666666666666,203.76666666666665,186.73333333333332,122.79999999999998,11.4,-12.266666666666666,-5.233333333333333,-5.166666666666667,-1.7333333333333336,20.900000000000002,3.1,rudder_0_elevator_0,raw_rudder_0_elevator_0.txt,0.0,20,2.5,0,2.0009308151026115,2.0
4.0,7.0,52.0,15.0,2.507,0.0,416.01,101202.0,289.17999999999995,-839.5,-157.4,1112.5,1105.4,-959.7,55.8,0.0,1.2191672579972812,974.9650714676034,39.99243808047264,448317.21003641264,123.03,123.04,17.64,17.93,0.0,20.15,21.793,34.112,33.614,101202.0,1.4717119291721275e-05,1.599716975777331,1.5995869597682464,-7.6203100498676655,-1.7852427811914882,112.4485216320533,-1.9805467648002115,-4.68383258262846,-0.3436620319839879,-0.03599020876905893,-0.008431580864567688,0.5310867593084246,-0.006697735607830089,-0.13408578760313178,-0.001162182822232218,0.5290041845169331,-0.05918626363895359,0.008431580864567688,0.5310867593084247,-0.03599020876905892,0.008431580864567688,-0.009014681092989352,-0.12394184043149581,-0.12394184043149581,-0.001555385646087859,-827.2333333333333,-152.16666666666669,1117.6666666666667,1107.1333333333334,-980.6,52.699999999999996,-12.266666666666666,-5.233333333333333,-5.166666666666667,-1.7333333333333336,20.900000000000002,3.1,rudder_0_elevator_0,raw_rudder_0_elevator_0.txt,0.0,40,2.5,0,1.599716975777331,1.6
10.0,7.0,55.0,35.0,2.503,0.0,415.81,101196.0,289.40999999999997,1385.5,-105.5,709.6,740.6,833.6,18.3,0.0,1.2181261372648537,974.4927490899582,39.99983251449172,447740.7929164204,82.02,82.01,1.1,0.8,0.0,22.733,22.766,30.455,30.383,101196.0,1.4738790604007414e-05,2.4000191351021867,2.400311784673592,12.849841876790176,-1.4107643979511801,109.44690935532128,-1.029505139611864,-2.989315423938594,-0.10414607197658167,0.060718348791423446,-0.006666174229897956,0.5171608864995387,-0.0034832276780618074,-0.08561770298413823,-0.0003523678187823454,0.5193191554259788,0.038075125903847,0.006666174229897956,0.5171608864995387,0.06071834879142345,0.006666174229897956,-0.005341604378085398,-0.10273134982184928,-0.10273134982184928,-0.0005853085671926376,1397.7666666666667,-100.26666666666667,714.7666666666667,742.3333333333334,812.7,15.200000000000001,-12.266666666666666,-5.233333333333333,-5.166666666666667,-1.7333333333333336,20.900000000000002,3.1,rudder_0_elevator_0,raw_rudder_0_elevator_0.txt,0.0,40,2.5,0,2.4000191351021867,2.4
11.0,7.0,56.0,5.0,2.503,0.0,415.59,101195.0,289.47999999999996,1815.7,-95.1,626.5,672.7,1183.4,9.4,0.0,1.2178195442593014,973.9731987502937,39.994201580787575,447481.08760898915,70.31,70.29,-1.35,-1.37,0.0,22.323,22.209,27.955,28.552,101195.0,1.4745268537566482e-05,2.7993437373512617,2.800140250009492,16.807719264686142,-1.3527964239444383,108.78490427920039,-0.7344969339462756,-2.6219602258463492,-0.047124224930072386,0.07946256144797412,-0.006395672563983172,0.5143069684094561,-0.002486422553237483,-0.07513625314132417,-0.00015952515286951277,0.5172865517376948,0.05692609083472705,0.006395672563983172,0.5143069684094561,0.07946256144797413,0.006395672563983172,-0.00427800307734635,-0.09753301195490754,-0.09753301195490754,-0.00034620061136099244,1827.9666666666667,-89.86666666666666,631.6666666666666,674.4333333333334,1162.5,6.300000000000001,-12.266666666666666,-5.233333333333333,-5.166666666666667,-1.7333333333333336,20.900000000000002,3.1,rudder_0_elevator_0,raw_rudder_0_elevator_0.txt,0.0,40,2.5,0,2.7993437373512617,2.8
12.0,7.0,56.0,55.0,2.503,0.0,415.58,101193.0,289.54999999999995,605.7,-131.5,849.6,867.5,204.7,37.4,0.0,1.2175010680190128,973.9495829321945,39.998947184542295,447333.20355338213,98.42,98.43,7.13,6.35,0.0,21.723,21.592,30.299,30.153,101193.0,1.4751893393639962e-05,2.00005296202351,1.9998497665585067,5.675647094404695,-1.593197371198752,110.35666158098408,-1.4124858080879659,-3.5883151607617805,-0.22693355543395205,0.02683364616817749,-0.007532408873159848,0.5217504823520099,-0.004781669691262952,-0.10283111507022095,-0.0007682351905665951,0.5224245700339878,0.0040223160041163025,0.007532408873159848,0.5217504823520099,0.02683364616817749,0.007532408873159848,-0.006864563830942905,-0.1103942578932872,-0.1103942578932872,-0.0010672893993147873,617.9666666666667,-126.26666666666667,854.7666666666667,869.2333333333333,183.79999999999998,34.3,-12.266666666666666,-5.233333333333333,-5.166666666666667,-1.7333333333333336,20.900000000000002,3.1,rudder_0_elevator_0,raw_rudder_0_elevator_0.txt,0.0,40,2.5,0,2.00005296202351,2.0
2.0,7.0,51.0,6.0,4.995,0.0,416.28,101203.0,289.09,-588.7,-98.3,1607.6,1547.6,-976.6,23.4,0.0,1.219558861881395,975.602712549633,39.99909029687908,448644.2087623428,123.03,123.03,17.84,17.8,0.0,17.882,18.861,34.143,33.598,101203.0,1.4708838790275727e-05,1.5999830676692661,1.5999830676692661,-5.259944205731627,-1.175048692435734,169.55466355550521,-2.1839098326126627,-8.006898540473433,-0.09118293931959014,-0.02482612395185258,-0.005546048274824655,0.8002718145673056,-0.007380633838910459,-0.22906659875827257,-0.0003081573595318149,0.7950710413341843,-0.09441055477591782,0.005546048274824655,0.8002718145673057,-0.024826123951852574,0.005546048274824655,-0.008883007229740933,-0.22206928203082466,-0.22206928203082466,-0.0010804199215521239,-570.1,-83.89999999999999,1622.6,1558.6,-1045.7,13.999999999999998,-18.6,-14.4,-15.0,-11.0,69.1,9.4,rudder_0_elevator_0,raw_rudder_0_elevator_0.txt,0.0,40,5.0,0,1.5999830676692661,1.6
9.0,7.0,55.0,15.0,5.004,0.0,415.74,101196.0,289.4,1657.3,-50.7,1200.8,1143.3,858.4,48.0,0.0,1.2181682287001427,974.3274371323666,39.99574859958378,447722.5561010118,82.02,82.01,0.97,0.85,0.0,23.0,23.175,30.511,30.446,101196.0,1.4737886083598157e-05,2.3997740972280495,2.4000667169204313,15.403073068312322,-0.10428255978122775,164.91248209436063,-1.0788088274293344,-5.981441108621704,-0.25382806380890843,0.07279528056647445,-0.0004928417961660931,0.7793802152162367,-0.0036506610693084127,-0.17134496210794964,-0.0008589475792974189,0.782759283533847,0.0045361641105280265,0.0004928417961660931,0.7793802152162368,0.07279528056647445,0.0004928417961660931,-0.0037002045155150407,-0.1918625280145295,-0.1918625280145295,-0.001178425208073082,1675.8999999999999,-36.300000000000004,1215.8,1154.3,789.3,38.6,-18.6,-14.4,-15.0,-11.0,69.1,9.4,rudder_0_elevator_0,raw_rudder_0_elevator_0.txt,0.0,40,5.0,0,2.3997740972280495,2.4
3.0,7.0,51.0,36.0,7.0,0.0,415.96,101202.0,289.10999999999996,-216.1,70.7,1998.7,1793.5,-909.6,-8.7,0.0,1.2194624456700003,974.8469905261347,39.985175845220525,448428.59782865416,123.04,123.02,17.52,17.53,0.0,18.766,20.138,34.169,33.656,101202.0,1.4710791799752166e-05,1.5992964904354021,1.5995564963678417,-1.7328710417294693,1.1918024030624683,210.12050267760645,-2.0808255092298222,-11.448054933856751,0.149801604776535,-0.008185224019613234,0.005629483914996738,0.9925051224893482,-0.0070377067024908705,-0.3277673505223425,0.000506654572093324,0.9841096119342071,-0.12908016020501156,-0.005629483914996738,0.992505122489348,-0.008185224019613246,-0.005629483914996738,-0.005472134534918107,-0.32546032083613674,-0.32546032083613674,-0.00016400739705239224,-186.25,92.75,2023.05,1810.8,-1024.95,-22.45,-29.85,-22.049999999999997,-24.35,-17.3,115.35,13.75,rudder_0_elevator_0,raw_rudder_0_elevator_0.txt,0.0,40,7.0,0,1.5992964904354021,1.6
6.0,7.0,53.0,47.0,7.006,0.0,416.26,101199.0,289.28999999999996,1969.1,-64.5,1525.0,1461.2,901.2,59.9,0.0,1.2186675534126223,975.5554796455186,40.012746255470425,448228.6736905813,82.02,82.02,0.76,0.72,0.0,23.217,24.648,30.772,30.7,101199.0,1.4727501124805384e-05,2.4007939689828888,2.4007939689828888,18.37156569629595,-0.11028756436188225,205.20409038595218,-1.2244884335809234,-9.15069554273727,-0.30318897947557527,0.08671514978139204,-0.0005205654662625589,0.9685784939472969,-0.004138421008373341,-0.2618017675902159,-0.0010246921144854348,0.9719234217477976,-0.032073016647576655,0.0005205654662625589,0.9685784939472968,0.08671514978139203,0.0005205654662625589,-0.004128163346144382,-0.28624268995349955,-0.28624268995349955,-0.0015205667636800596,1998.9499999999998,-42.45,1549.35,1478.5,785.85,46.15,-29.85,-22.049999999999997,-24.35,-17.3,115.35,13.75,rudder_0_elevator_0,raw_rudder_0_elevator_0.txt,0.0,40,7.0,0,2.4007939689828888,2.4
5.0,7.0,53.0,12.0,7.998,0.0,416.07,101200.0,289.23999999999995,-1.0,83.7,2132.1,1912.3,-837.9,-12.1,0.0,1.2188902649715678,975.106768902776,39.99988835988295,448226.6610461791,123.04,123.03,17.74,18.07,0.0,22.178,23.889,34.051,33.574,101200.0,1.4722834624823383e-05,1.59988495034755,1.6000149905776035,0.21920376729866414,1.3281145638197716,227.38773734274497,-2.189962732440991,-12.982519940662565,0.15728532497014047,0.0010351341192853668,0.006271683722736942,1.0737808393131985,-0.007404854147612045,-0.37160133731949246,0.000531824068834941,1.063480120883671,-0.14837922652465385,-0.006271683722736942,1.0737808393131985,0.0010351341192853802,-0.006271683722736942,-0.005656325609639977,-0.37189309294361145,-0.37189309294361145,-0.0002603618762781646,26.1,102.2,2163.6,1935.5,-984.9,-23.6,-27.1,-18.5,-31.5,-23.2,147.0,11.5,rudder_0_elevator_0,raw_rudder_0_elevator_0.txt,0.0,40,8.0,0,1.59988495034755,1.6
8.0,7.0,54.0,48.0,7.996,0.0,415.97,101196.0,289.39,2151.5,-75.7,1644.4,1580.5,956.7,71.3,0.0,1.2182103230444081,974.8706066959189,40.00620428197657,447867.08634707896,82.02,82.03,1.45,1.07,0.0,23.323,23.761,30.796,30.768,101196.0,1.4736981583929451e-05,2.4004014458001754,2.400108820974404,20.022937936948797,-0.17762156086913505,221.24477833864015,-1.3132507392252137,-10.580127724423313,-0.39223665979802524,0.0945761446297343,-0.0008389759026880526,1.0450253714324462,-0.004441530342210585,-0.3029105332529487,-0.0013265791320613116,1.0480213243085983,-0.051710519867800994,0.0008389759026880526,1.045025371432446,0.09457614462973427,0.0008389759026880526,-0.004447985254951306,-0.32956710034810294,-0.32956710034810294,-0.0019324142346672387,2178.6,-57.2,1675.9,1603.7,809.7,59.8,-27.1,-18.5,-31.5,-23.2,147.0,11.5,rudder_0_elevator_0,raw_rudder_0_elevator_0.txt,0.0,40,8.0,0,2.4004014458001754,2.4
13.0,7.0,57.0,22.0,7.993,0.0,415.45,101195.0,289.54999999999995,1379.4,-43.6,1809.9,1704.9,318.7,49.4,0.0,1.2175251309693753,973.6425781390957,39.99224732172096,447267.1145115298,98.43,98.43,6.55,6.51,0.0,21.541,21.489,30.335,30.288,101195.0,1.475160183984e-05,1.9995147897643073,1.9995147897643073,12.919452455049164,0.061374371638455216,223.34106814641538,-1.7048789287101118,-11.367594559146715,-0.24778680181541324,0.061100579808528586,0.0002902607293568507,1.0562575160427063,-0.00577332413574466,-0.32586630708216974,-0.000839093908282532,1.0544922073611318,-0.08636785087226695,-0.0002902607293568507,1.0562575160427061,0.06110057980852855,-0.0002902607293568507,-0.005519542820059958,-0.3430876868666318,-0.3430876868666318,-0.0015984462728043092,1406.5,-25.1,1841.4,1728.1000000000001,171.7,37.9,-27.1,-18.5,-31.5,-23.2,147.0,11.5,rudder_0_elevator_0,raw_rudder_0_elevator_0.txt,0.0,40,8.0,0,1.9995147897643073,2.0
27.0,8.0,9.0,49.0,2.496,4.0,104.72,101191.0,289.31,212.9,-661.1,31.8,358.0,134.0,373.5,0.0,1.2184869752778251,244.3000732565651,20.024715325582857,224274.53474598163,49.21,49.21,0.54,0.59,0.0,19.909,19.666,45.047,43.803,101191.0,1.473047415228197e-05,2.00257726863807,2.00257726863807,2.1202256798884274,-6.0173717081956966,27.118367808100366,-1.161859810383587,-0.7746376981220002,-2.429493643033065,0.03996310961258835,-0.11341853248705443,0.5111410146143649,-0.015680578745082017,-0.08850044862956734,-0.03278869450495825,0.5123964559724666,0.017665187736511396,0.11341853248705443,0.5111410146143649,0.047777438369641385,0.11035456503588735,-0.0461747876400804,-0.09976416969675117,-0.09976416969675117,-0.03476848210526358,230.6,-664.6,38.6,357.9,112.2,371.9,-17.7,3.5,-6.8,0.1,21.8,1.6,rudder_0_elevator_0,raw_rudder_0_elevator_0.txt,0.0,20,2.5,4,2.00257726863807,2.0
16.0,8.0,0.0,20.0,2.496,3.995,413.97,101192.0,289.75,588.1,-2455.4,229.2,1481.6,182.4,1376.5,0.0,1.2166486644737404,970.1475569108349,39.93478063330014,446063.8390304393,98.42,98.42,6.3,6.11,0.0,21.348,21.644,30.356,30.057,101192.0,1.4770140458672607e-05,1.9968444650527621,1.9968444650527621,5.567716170096241,-22.277326389992847,109.45244233454763,-3.2606117841605644,-3.773363858537424,-8.985771920477616,0.026426525969950966,-0.1057367736430508,0.5195034591316974,-0.011081364873461173,-0.10855787467962313,-0.030538630144265888,0.5201614533888876,0.0037772652805586338,0.1057367736430508,0.5195034591316974,0.03372893269867403,0.10363872671106382,-0.039514854301386314,-0.11600626946636051,-0.11600626946636051,-0.032230514757942134,605.8000000000001,-2458.9,236.0,1481.5,160.6,1374.9,-17.7,3.5,-6.8,0.1,21.8,1.6,rudder_0_elevator_0,raw_rudder_0_elevator_0.txt,0.0,40,2.5,4,1.9968444650527621,2.0
17.0,8.0,1.0,29.0,2.496,3.995,415.08,101195.0,289.81,613.0,-2467.7,227.7,1479.7,195.7,1366.3,0.0,1.216432841075817,972.7688038271755,39.9922415436452,446554.68065121904,98.44,98.42,6.75,6.16,0.0,21.385,21.763,30.413,30.14,101195.0,1.4775134427975379e-05,1.9993113807505953,1.9997176622748283,5.796965784003034,-22.599052039638945,109.5711937655059,-3.605179210516542,-3.842201832801873,-8.920296611360211,0.027440491347036255,-0.1069747718118686,0.5186657134847812,-0.012219380232439956,-0.11024045102797142,-0.03023441823984632,0.5193686603688159,0.004826752194331364,0.1069747718118686,0.5186657134847813,0.03482668488950293,0.10480307433074373,-0.04101364071674655,-0.1179746349660033,-0.1179746349660033,-0.031991863079828646,630.7,-2471.2,234.5,1479.6000000000001,173.89999999999998,1364.7,-17.7,3.5,-6.8,0.1,21.8,1.6,rudder_0_elevator_0,raw_rudder_0_elevator_0.txt,0.0,40,2.5,4,1.9993113807505953,2.0
29.0,8.0,11.0,37.0,2.496,7.995,104.54,101188.0,289.22999999999996,131.1,-1319.7,-130.1,578.5,48.1,714.7,0.0,1.2187878701265824,243.88016865176186,20.00502873465478,224157.49060077552,49.21,49.21,0.64,0.54,0.0,19.357,19.146,45.333,43.908,101188.0,1.4723676383278179e-05,2.0006085055945735,2.0006085055945735,1.3238961355178143,-12.365650134237764,28.547525139050563,-1.7192575823454523,-1.0967676658126901,-4.632984536707024,0.024996442771017948,-0.23347546504167999,0.5390049560899799,-0.02324322665643045,-0.1255187463089272,-0.06263489007593127,0.5395821689726242,0.0014992556700909078,0.23347546504167999,0.5390049560899799,0.05722681064971119,0.2277294602604055,-0.08623676861704467,-0.13256406790111583,-0.13256406790111583,-0.0663310463973233,143.9,-1323.0,-121.1,576.5,22.5,708.9000000000001,-12.8,3.3,-9.0,2.0,25.6,5.8,rudder_0_elevator_0,raw_rudder_0_elevator_0.txt,0.0,20,2.5,8,2.0006085055945735,2.0
14.0,7.0,59.0,10.0,2.496,8.0,415.27,101192.0,289.71,278.5,-5097.7,-397.9,2325.0,-116.1,2734.7,0.0,1.216816646064224,973.2174971615264,39.99515469372042,446847.75104092766,98.43,98.43,6.61,6.4,0.0,21.365,21.536,30.487,30.144,101192.0,1.4766519538545984e-05,1.999660151270639,1.999660151270639,2.67955245368697,-47.732128462512726,115.39088124358642,-6.297831942150655,-4.650451632708861,-17.853155834919452,0.012678069720225253,-0.22584042036938584,0.54596193310994,-0.021336005493261066,-0.13336923638333395,-0.06048351789390686,0.5459960849421572,-0.011110404349533684,0.22584042036938584,0.54596193310994,0.04398559924215059,0.22187811064582447,-0.08227513002486266,-0.13694258796641356,-0.13694258796641356,-0.06400918736215196,291.3,-5101.0,-388.9,2323.0,-141.7,2728.8999999999996,-12.8,3.3,-9.0,2.0,25.6,5.8,rudder_0_elevator_0,raw_rudder_0_elevator_0.txt,0.0,40,2.5,8,1.999660151270639,2.0
19.0,8.0,2.0,25.0,2.496,8.005,415.39,101195.0,289.85999999999996,284.1,-5122.0,-413.4,2337.9,-114.5,2732.8,0.0,1.2162230099778601,973.500884146731,40.01073828644778,446624.3700950521,98.43,98.43,6.52,6.78,0.0,21.407,21.859,30.494,30.118,101195.0,1.477966153200642e-05,2.0004392928848964,2.0004392928848964,2.7312473459338054,-48.142912101942734,115.27225835190951,-6.270643180953514,-4.683874037626978,-17.841965428168702,0.012918897815415026,-0.227717699353539,0.5452419125706429,-0.02123771038273038,-0.13428864694367745,-0.0604280108893895,0.5452872354889873,-0.010838448100877451,0.227717699353539,0.5452419125706429,0.04450487200518189,0.22369972035618704,-0.08270796014269946,-0.13792987664023862,-0.13792987664023862,-0.06397258261515312,296.90000000000003,-5125.3,-404.4,2335.9,-140.1,2727.0,-12.8,3.3,-9.0,2.0,25.6,5.8,rudder_0_elevator_0,raw_rudder_0_elevator_0.txt,0.0,40,2.5,8,2.0004392928848964,2.0
30.0,8.0,12.0,3.0,2.496,10.0,104.35,101189.0,289.22999999999996,275.9,-946.0,-97.8,526.8,108.5,479.3,0.0,1.2187999149132185,243.43693926644173,19.986743073579486,223954.81195587091,49.21,49.21,0.61,0.57,0.0,19.246,19.051,45.458,44.008,101189.0,1.472353087658888e-05,1.9987798429336556,1.9987798429336556,2.5653966121032483,-9.397270636884524,28.90867164337575,0.03468013635036585,-1.6456958592041189,-3.110542281309145,0.04852536591718156,-0.17775263057814264,0.5468175419957251,0.00046970617845903045,-0.18868333268857312,-0.04212904220238281,0.5484120189448478,0.024665620780326625,0.17775263057814264,0.5468175419957251,0.07865457694839231,0.16662582734953021,-0.04774860960086274,-0.20236035111063283,-0.20236035111063283,-0.04416850766254962,278.9,-956.7,-87.6,525.5999999999999,80.8,475.6,-3.0,10.7,-10.2,1.2,27.7,3.7,rudder_0_elevator_0,raw_rudder_0_elevator_0.txt,0.0,20,2.5,10,1.9987798429336556,2.0
18.0,8.0,2.0,4.0,2.496,10.0,415.46,101192.0,289.84999999999997,104.2,-6118.5,-694.4,2709.2,-275.5,3205.9,0.0,1.2162289133388524,973.6661938368817,40.014038132906045,446675.3285531385,98.43,98.43,7.09,6.43,0.0,21.409,21.823,30.55,30.14,101192.0,1.4779194209807951e-05,2.000604277156577,2.000604277156577,0.9882850120363782,-58.29817614634724,116.96068544121563,-6.399412920426812,-4.962308336406782,-20.96031974134215,0.004673829859607881,-0.2757056447431462,0.5531343057494799,-0.021670154018181707,-0.14224732094419265,-0.07097734787754952,0.5528130711274231,-0.019419404552723646,0.2757056447431462,0.5531343057494799,0.05247860666413522,0.27070545445443367,-0.09619328635434857,-0.14356465376349645,-0.14356465376349645,-0.07509919218030453,107.2,-6129.2,-684.1999999999999,2708.0,-303.2,3202.2000000000003,-3.0,10.7,-10.2,1.2,27.7,3.7,rudder_0_elevator_0,raw_rudder_0_elevator_0.txt,0.0,40,2.5,10,2.000604277156577,2.0
