run,hr,min,sec,AoA,AoS,dPb,pBar,temp,B1,B2,B3,B4,B5,B6,rpmWT,rho,q,V,Re,rpsM1,rpsM2,iM1,iM2,dPtQ,tM1,tM2,vM1,vM2,pInf,nu,J_M1,J_M2,FX,FY,FZ,MX,MY,MZ,CFX,CFY,CFZ,CMX,CMY,CMZ,CN,CT,CY,CL,CD,CYaw,CMroll,CMpitch,CMpitch25c,CMyaw,b,c,S
1,7,50,35,-5.003,0,416.15,101202,289.05,-712.5,-304.7,-677.2,-537.7,-44.9,145.1,0,1.21971557746983,975.295699334612,39.9902268016234,448650.627175083,123.03,123.03,17.61,17.79,0,17.271,17.78,34.089,33.593,101202,1.47053690445064e-05,1.59962852354778,1.59962852354778,-6.72143133881368,-3.16634292185245,-75.4105237120606,-1.09342008775374,5.99503041632642,-0.988469440303608,-0.0317341038408047,-0.0149493537927589,-0.356038062361636,-0.00369643177367163,0.171563747025361,-0.00334163409595652,-0.351914140132631,-0.0626625340336449,0.0149493537927589,-0.356038062361636,-0.0317341038408048,0.0149493537927589,-0.0081712325562684,0.180508098389532,0.180508098389532,-0.00261630685707756,1.39658967036375,0.164979635584137,0.217169693741564
2,7,51,6,4.995,0,416.28,101203,289.09,-588.7,-98.3,1607.6,1547.6,-976.6,23.4,0,1.2195588618814,975.602712549633,39.9990902968791,448644.208762343,123.03,123.03,17.84,17.8,0,17.882,18.861,34.143,33.598,101203,1.47088387902757e-05,1.59998306766927,1.59998306766927,-5.25994420573163,-1.17504869243573,169.554663555505,-2.18390983261266,-8.00689854047343,-0.0911829393195901,-0.0248261239518526,-0.00554604827482465,0.800271814567306,-0.00738063383891046,-0.229066598758273,-0.000308157359531815,0.795071041334184,-0.0944105547759178,0.00554604827482465,0.800271814567306,-0.0248261239518526,0.00554604827482465,-0.00888300722974093,-0.222069282030825,-0.222069282030825,-0.00108041992155212,1.39658967036375,0.164979635584137,0.217169693741564
3,7,51,36,7,0,415.96,101202,289.11,-216.1,70.7,1998.7,1793.5,-909.6,-8.7,0,1.21946244567,974.846990526135,39.9851758452205,448428.597828654,123.04,123.02,17.52,17.53,0,18.766,20.138,34.169,33.656,101202,1.47107917997522e-05,1.5992964904354,1.59955649636784,-1.73287104172947,1.19180240306247,210.120502677606,-2.08082550922982,-11.4480549338568,0.149801604776535,-0.00818522401961324,0.00562948391499674,0.992505122489348,-0.00703770670249087,-0.327767350522343,0.000506654572093324,0.984109611934207,-0.129080160205012,-0.00562948391499674,0.992505122489348,-0.00818522401961326,-0.00562948391499674,-0.00547213453491811,-0.325460320836137,-0.325460320836137,-0.000164007397052392,1.39658967036375,0.164979635584137,0.217169693741564
4,7,52,15,2.507,0,416.01,101202,289.18,-839.5,-157.4,1112.5,1105.4,-959.7,55.8,0,1.21916725799728,974.965071467603,39.9924380804726,448317.210036413,123.03,123.04,17.64,17.93,0,20.15,21.793,34.112,33.614,101202,1.47171192917213e-05,1.59971697577733,1.59958695976825,-7.62031004986767,-1.78524278119149,112.448521632053,-1.98054676480021,-4.68383258262846,-0.343662031983988,-0.0359902087690589,-0.00843158086456769,0.531086759308425,-0.00669773560783009,-0.134085787603132,-0.00116218282223222,0.529004184516933,-0.0591862636389536,0.00843158086456769,0.531086759308425,-0.0359902087690589,0.00843158086456769,-0.00901468109298935,-0.123941840431496,-0.123941840431496,-0.00155538564608786,1.39658967036375,0.164979635584137,0.217169693741564
5,7,53,12,7.998,0,416.07,101200,289.24,-1,83.7,2132.1,1912.3,-837.9,-12.1,0,1.21889026497157,975.106768902776,39.999888359883,448226.661046179,123.04,123.03,17.74,18.07,0,22.178,23.889,34.051,33.574,101200,1.47228346248234e-05,1.59988495034755,1.6000149905776,0.219203767298664,1.32811456381977,227.387737342745,-2.18996273244098,-12.9825199406626,0.15728532497014,0.00103513411928537,0.00627168372273694,1.0737808393132,-0.00740485414761202,-0.371601337319492,0.000531824068834941,1.06348012088367,-0.148379226524654,-0.00627168372273694,1.0737808393132,0.00103513411928541,-0.00627168372273694,-0.00565632560963995,-0.371893092943611,-0.371893092943611,-0.000260361876278161,1.39658967036375,0.164979635584137,0.217169693741564
6,7,53,47,7.006,0,416.26,101199,289.29,1969.1,-64.5,1525,1461.2,901.2,59.9,0,1.21866755341262,975.555479645519,40.0127462554704,448228.673690581,82.02,82.02,0.76,0.72,0,23.217,24.648,30.772,30.7,101199,1.47275011248054e-05,2.40079396898289,2.40079396898289,18.3715656962959,-0.110287564361882,205.204090385952,-1.22448843358092,-9.15069554273727,-0.303188979475575,0.086715149781392,-0.000520565466262559,0.968578493947297,-0.00413842100837334,-0.261801767590216,-0.00102469211448543,0.971923421747798,-0.0320730166475767,0.000520565466262559,0.968578493947297,0.086715149781392,0.000520565466262559,-0.00412816334614438,-0.2862426899535,-0.2862426899535,-0.00152056676368006,1.39658967036375,0.164979635584137,0.217169693741564
7,7,54,18,-5,0,415.49,101197,289.33,1459.2,52.1,-922.2,-925.5,1613,-82.3,0,1.21847499083904,973.737040985769,39.9785955638114,447727.296587814,82.03,82.02,0.83,0.83,0,23.481,24.357,30.965,30.78,101197,1.47314094484511e-05,2.39845247968451,2.3987449025667,13.2576338334325,-0.269669339762509,-73.4722255451341,-0.40630862310712,6.46924160760311,0.490326307133123,0.0626938744929595,-0.00127523628681278,-0.347441975311552,-0.00137577148618638,0.18543090646357,0.00166025753310919,-0.351583984897054,0.0321737419527238,0.00127523628681278,-0.347441975311552,0.0626938744929595,0.00127523628681278,-0.00158389667824358,0.16776045184291,0.16776045184291,0.00179198544337812,1.39658967036375,0.164979635584137,0.217169693741564
8,7,54,48,7.996,0,415.97,101196,289.39,2151.5,-75.7,1644.4,1580.5,956.7,71.3,0,1.21821032304441,974.870606695919,40.0062042819766,447867.086347079,82.02,82.03,1.45,1.07,0,23.323,23.761,30.796,30.768,101196,1.47369815839295e-05,2.40040144580018,2.4001088209744,20.0229379369488,-0.177621560869135,221.24477833864,-1.31325073922521,-10.5801277244233,-0.392236659798025,0.0945761446297343,-0.000838975902688053,1.04502537143245,-0.00444153034221059,-0.302910533252949,-0.00132657913206131,1.0480213243086,-0.051710519867801,0.000838975902688053,1.04502537143245,0.0945761446297343,0.000838975902688053,-0.00444798525495131,-0.329567100348103,-0.329567100348103,-0.00193241423466724,1.39658967036375,0.164979635584137,0.217169693741564
9,7,55,15,5.004,0,415.74,101196,289.4,1657.3,-50.7,1200.8,1143.3,858.4,48,0,1.21816822870014,974.327437132367,39.9957485995838,447722.556101012,82.02,82.01,0.97,0.85,0,23,23.175,30.511,30.446,101196,1.47378860835982e-05,2.39977409722805,2.40006671692043,15.4030730683123,-0.104282559781228,164.912482094361,-1.07880882742933,-5.9814411086217,-0.253828063808908,0.0727952805664745,-0.000492841796166094,0.779380215216237,-0.00365066106930841,-0.17134496210795,-0.000858947579297419,0.782759283533847,0.00453616411052803,0.000492841796166094,0.779380215216237,0.0727952805664745,0.000492841796166094,-0.00370020451551504,-0.191862528014529,-0.191862528014529,-0.00117842520807308,1.39658967036375,0.164979635584137,0.217169693741564
10,7,55,35,2.503,0,415.81,101196,289.41,1385.5,-105.5,709.6,740.6,833.6,18.3,0,1.21812613726485,974.492749089958,39.9998325144917,447740.79291642,82.02,82.01,1.1,0.8,0,22.733,22.766,30.455,30.383,101196,1.47387906040074e-05,2.40001913510219,2.40031178467359,12.8498418767902,-1.41076439795118,109.446909355321,-1.02950513961186,-2.98931542393859,-0.104146071976582,0.0607183487914234,-0.00666617422989796,0.517160886499539,-0.00348322767806181,-0.0856177029841382,-0.000352367818782345,0.519319155425979,0.038075125903847,0.00666617422989796,0.517160886499539,0.0607183487914235,0.00666617422989796,-0.0053416043780854,-0.102731349821849,-0.102731349821849,-0.000585308567192638,1.39658967036375,0.164979635584137,0.217169693741564
11,7,56,5,2.503,0,415.59,101195,289.48,1815.7,-95.1,626.5,672.7,1183.4,9.4,0,1.2178195442593,973.973198750294,39.9942015807876,447481.087608989,70.31,70.29,-1.35,-1.37,0,22.323,22.209,27.955,28.552,101195,1.47452685375665e-05,2.79934373735126,2.80014025000949,16.8077192646861,-1.35279642394444,108.7849042792,-0.734496933946276,-2.62196022584635,-0.0471242249300724,0.0794625614479741,-0.00639567256398317,0.514306968409456,-0.00248642255323748,-0.0751362531413242,-0.000159525152869513,0.517286551737695,0.0569260908347271,0.00639567256398317,0.514306968409456,0.0794625614479741,0.00639567256398317,-0.00427800307734635,-0.0975330119549075,-0.0975330119549075,-0.000346200611360992,1.39658967036375,0.164979635584137,0.217169693741564
12,7,56,55,2.503,0,415.58,101193,289.55,605.7,-131.5,849.6,867.5,204.7,37.4,0,1.21750106801901,973.949582932195,39.9989471845423,447333.203553382,98.42,98.43,7.13,6.35,0,21.723,21.592,30.299,30.153,101193,1.475189339364e-05,2.00005296202351,1.99984976655851,5.67564709440469,-1.59319737119875,110.356661580984,-1.41248580808796,-3.58831516076178,-0.226933555433952,0.0268336461681775,-0.00753240887315985,0.52175048235201,-0.00478166969126295,-0.102831115070221,-0.000768235190566595,0.522424570033988,0.0040223160041163,0.00753240887315985,0.52175048235201,0.0268336461681775,0.00753240887315985,-0.0068645638309429,-0.110394257893287,-0.110394257893287,-0.00106728939931479,1.39658967036375,0.164979635584137,0.217169693741564
13,7,57,22,7.993,0,415.45,101195,289.55,1379.4,-43.6,1809.9,1704.9,318.7,49.4,0,1.21752513096938,973.642578139096,39.992247321721,447267.11451153,98.43,98.43,6.55,6.51,0,21.541,21.489,30.335,30.288,101195,1.475160183984e-05,1.99951478976431,1.99951478976431,12.9194524550492,0.0613743716384552,223.341068146415,-1.70487892871011,-11.3675945591467,-0.247786801815413,0.0611005798085286,0.000290260729356851,1.05625751604271,-0.00577332413574466,-0.32586630708217,-0.000839093908282532,1.05449220736113,-0.0863678508722669,-0.000290260729356851,1.05625751604271,0.0611005798085286,-0.000290260729356851,-0.00551954282005996,-0.343087686866632,-0.343087686866632,-0.00159844627280431,1.39658967036375,0.164979635584137,0.217169693741564
14,7,59,10,2.496,8,415.27,101192,289.71,278.5,-5097.7,-397.9,2325,-116.1,2734.7,0,1.21681664606422,973.217497161526,39.9951546937204,446847.751040928,98.43,98.43,6.61,6.4,0,21.365,21.536,30.487,30.144,101192,1.4766519538546e-05,1.99966015127064,1.99966015127064,2.67955245368697,-47.7321284625127,115.390881243586,-6.29783194215066,-4.65045163270886,-17.8531558349195,0.0126780697202253,-0.225840420369386,0.54596193310994,-0.0213360054932611,-0.133369236383334,-0.0604835178939069,0.545996084942157,-0.0111104043495337,0.225840420369386,0.54596193310994,0.0439855992421506,0.221878110645824,-0.0822751300248627,-0.136942587966414,-0.136942587966414,-0.064009187362152,1.39658967036375,0.164979635584137,0.217169693741564
15,7,59,55,2.496,-3.995,415.08,101192,289.75,605,2336.1,1540.5,210.3,155.2,-1304,0,1.21664866447374,972.768803827175,39.988694240087,446666.043676063,98.44,98.42,6.41,7.57,0,21.335,21.615,30.295,30.305,101192,1.47701404586726e-05,1.9991340422444,1.99954028773154,5.58841480197161,21.1128312923287,111.211778139212,0.687438426002756,-4.17427049379646,8.45975960588876,0.0264532953498404,0.0999396039195734,0.526431576349625,0.00233000109653749,-0.119768164707084,0.0286734759253702,0.527084163451929,0.00350229224895333,-0.0999396039195734,0.526431576349625,0.0333517515826384,-0.0978537783268335,0.0292206207427689,-0.127224104523003,-0.127224104523003,0.0299188199062693,1.39658967036375,0.164979635584137,0.217169693741564
16,8,0,20,2.496,3.995,413.97,101192,289.75,588.1,-2455.4,229.2,1481.6,182.4,1376.5,0,1.21664866447374,970.147556910835,39.9347806333001,446063.839030439,98.42,98.42,6.3,6.11,0,21.348,21.644,30.356,30.057,101192,1.47701404586726e-05,1.99684446505276,1.99684446505276,5.56771617009624,-22.2773263899928,109.452442334548,-3.26061178416057,-3.77336385853742,-8.98577192047762,0.026426525969951,-0.105736773643051,0.519503459131697,-0.0110813648734612,-0.108557874679623,-0.0305386301442659,0.520161453388888,0.00377726528055863,0.105736773643051,0.519503459131697,0.033728932698674,0.103638726711064,-0.0395148543013863,-0.116006269466361,-0.116006269466361,-0.0322305147579421,1.39658967036375,0.164979635584137,0.217169693741564
17,8,1,29,2.496,3.995,415.08,101195,289.81,613,-2467.7,227.7,1479.7,195.7,1366.3,0,1.21643284107582,972.768803827175,39.9922415436452,446554.680651219,98.44,98.42,6.75,6.16,0,21.385,21.763,30.413,30.14,101195,1.47751344279754e-05,1.9993113807506,1.99971766227483,5.79696578400303,-22.5990520396389,109.571193765506,-3.60517921051654,-3.84220183280187,-8.92029661136021,0.0274404913470363,-0.106974771811869,0.518665713484781,-0.01221938023244,-0.110240451027971,-0.0302344182398463,0.519368660368816,0.00482675219433136,0.106974771811869,0.518665713484781,0.0348266848895029,0.104803074330744,-0.0410136407167465,-0.117974634966003,-0.117974634966003,-0.0319918630798286,1.39658967036375,0.164979635584137,0.217169693741564
18,8,2,4,2.496,10,415.46,101192,289.85,104.2,-6118.5,-694.4,2709.2,-275.5,3205.9,0,1.21622891333885,973.666193836882,40.014038132906,446675.328553139,98.43,98.43,7.09,6.43,0,21.409,21.823,30.55,30.14,101192,1.47791942098079e-05,2.00060427715658,2.00060427715658,0.988285012036378,-58.2981761463472,116.960685441216,-6.39941292042681,-4.96230833640678,-20.9603197413422,0.00467382985960788,-0.275705644743146,0.55313430574948,-0.0216701540181817,-0.142247320944193,-0.0709773478775495,0.552813071127423,-0.0194194045527236,0.275705644743146,0.55313430574948,0.0524786066641352,0.270705454454434,-0.0961932863543486,-0.143564653763496,-0.143564653763496,-0.0750991921803045,1.39658967036375,0.164979635584137,0.217169693741564
19,8,2,25,2.496,8.005,415.39,101195,289.86,284.1,-5122,-413.4,2337.9,-114.5,2732.8,0,1.21622300997786,973.500884146731,40.0107382864478,446624.370095052,98.43,98.43,6.52,6.78,0,21.407,21.859,30.494,30.118,101195,1.47796615320064e-05,2.0004392928849,2.0004392928849,2.73124734593381,-48.1429121019427,115.272258351909,-6.27064318095352,-4.68387403762698,-17.8419654281687,0.012918897815415,-0.227717699353539,0.545241912570643,-0.0212377103827304,-0.134288646943677,-0.0604280108893895,0.545287235488987,-0.0108384481008774,0.227717699353539,0.545241912570643,0.0445048720051819,0.223699720356187,-0.0827079601426995,-0.137929876640239,-0.137929876640239,-0.0639725826151531,1.39658967036375,0.164979635584137,0.217169693741564
20,8,3,34,2.496,-10,414.92,101193,289.89,683.6,4276,2362.5,-391.9,-76.4,-2171.3,0,1.21607311133501,972.390959400136,39.9903873819846,446306.346930979,98.42,98.43,6.88,6.75,0,21.406,21.947,30.325,30.385,101193,1.47826702051553e-05,1.99962494929655,1.99942179731552,5.8498046751061,41.2898593323444,118.928456111326,-1.00973929027564,-7.41658961368441,14.027813347794,0.027701369096437,0.195525440049755,0.563177959228101,-0.00342373623103755,-0.212879468540579,0.0475642903704022,0.563850036890168,0.00314889013815462,-0.195525440049755,0.563177959228101,0.0612331594073885,-0.187744677009647,0.0495652456231322,-0.220687181646646,-0.220687181646646,0.0496777130626463,1.39658967036375,0.164979635584137,0.217169693741564
21,8,6,9,2.496,0,104.48,101192,289.45,-113.3,-50.8,254.6,245.6,-130.7,25.6,0,1.21790965808004,243.740201116511,20.0064965327499,223880.239995361,61.52,61.52,1.82,1.43,0,21.349,21.333,38.423,39.307,101192,1.47429916430176e-05,1.60040910234284,1.60040910234284,-0.931908261824962,-0.451078525442953,27.3993181828241,-0.661531490713926,-0.98364319976536,-0.146778623580232,-0.0176054357190672,-0.00852169071705165,0.517622769079585,-0.00894860447917959,-0.112636946836741,-0.00198548952975826,0.516364971510827,-0.0401310183411549,0.00852169071705165,0.517622769079585,-0.0176054357190672,0.00852169071705165,-0.0112532323536204,-0.107674802520941,-0.107674802520941,-0.00247368004893319,1.39658967036375,0.164979635584137,0.217169693741564
22,8,6,43,2.496,0,104.43,101192,289.41,402.7,-22.7,167,158,281.8,12.1,0,1.21807798808357,243.62356175831,20.0003269116011,223866.143981395,41.01,41.01,0.2,0.11,0,21.186,21.102,34.335,33.595,101192,1.47393732109567e-05,2.40006841422405,2.40006841422405,3.81525842039512,-0.167260737374953,26.7935728940799,-0.376560894391838,-0.632571006431436,-0.0596149826675443,0.072111653242117,-0.00316137125341939,0.506421485718177,-0.00509621667014859,-0.0724703627598655,-0.000806804086631528,0.509081462180382,0.0499887646836889,0.00316137125341939,0.506421485718177,0.072111653242117,0.00316137125341939,-0.00594644218830266,-0.0927952462758578,-0.0927952462758578,-0.00106500406260277,1.39658967036375,0.164979635584137,0.217169693741564
23,8,7,7,2.496,0,104.31,101191,289.41,493.9,-21.9,150,143.4,354.5,10.9,0,1.21806595078825,243.343628242624,19.9889317764451,223736.385787367,35.15,35.15,-0.16,-0.09,0,21.031,20.886,26.85,26.17,101191,1.47395188698909e-05,2.79859821468805,2.79859821468805,4.65431400457561,-0.16892584647526,26.6426143140899,-0.341891921988668,-0.573201139269083,-0.0520163324197568,0.0880717207641084,-0.00319651617101549,0.50414752549776,-0.00463234414236468,-0.0657442093673462,-0.00070477696984002,0.507504714550589,0.0660327204709162,0.00319651617101549,0.50414752549776,0.0880717207641084,0.00319651617101549,-0.00549734929863717,-0.090567485288831,-0.090567485288831,-0.00094351590866166,1.39658967036375,0.164979635584137,0.217169693741564
24,8,7,32,2.496,0,104.52,101192,289.39,232.4,-28.3,198.6,185,143.7,14.5,0,1.21816217053549,243.833512769659,20.0082516595557,223982.337972026,49.21,49.21,0.56,0.54,0,20.844,20.649,44.904,43.815,101192,1.47375641193704e-05,2.00093081510261,2.00093081510261,2.24850780270859,-0.227682827730903,26.9927610279762,-0.509878987220168,-0.77383137595471,-0.0749581612321228,0.042462130894078,-0.00429969512304885,0.50974702003782,-0.00689454601900789,-0.0885774922277964,-0.00101357872175251,0.511112615406766,0.0202225460701507,0.00429969512304885,0.50974702003782,0.042462130894078,0.00429969512304885,-0.00805459600622041,-0.100545569861037,-0.100545569861037,-0.00136339186422117,1.39658967036375,0.164979635584137,0.217169693741564
25,8,8,10,2.496,-4,104.33,101191,289.37,249.6,428.2,323.7,74.6,129.6,-246.9,0,1.21823432566482,243.390283736023,19.9894663539776,223797.305244268,49.21,49.21,0.56,0.58,0,20.549,20.332,44.893,43.941,101191,1.47359007339301e-05,1.99905218535314,1.99905218535314,2.32990646140856,3.71211748520386,27.6127755193695,-0.164875928919591,-1.07039219201054,1.56057083557839,0.0440794360874635,0.0702294483269844,0.522405338524914,-0.00223350008835742,-0.122746788043626,0.0211403515479341,0.523829357555713,0.0212870516485512,-0.0702294483269844,0.522405338524914,0.0488710194648649,-0.0669835468944886,0.0166235630433449,-0.135170707946285,-0.135170707946285,0.0218442451378315,1.39658967036375,0.164979635584137,0.217169693741564
26,8,9,3,2.496,-8,104.24,101190,289.33,328.7,671,453.6,-22.7,105.8,-350.6,0,1.21839070647354,243.180334307256,19.9795606825574,223739.123256501,49.21,49.21,0.6,0.58,0,20.185,19.959,44.909,44.134,101190,1.47324285201592e-05,1.99806156590642,1.99806156590642,2.7008721050823,6.30453806854496,29.0620096287448,-1.01648270359406,-1.71757060527808,2.19964514199461,0.0511418400243831,0.119378358094944,0.550298047961462,-0.0137817223898719,-0.197131755261602,0.0298233296011954,0.552003169337351,0.0271280377615882,-0.119378358094944,0.550298047961462,0.0672583874364307,-0.111099007655223,0.0185477798732502,-0.211546234677281,-0.211546234677281,0.0306027842915635,1.39658967036375,0.164979635584137,0.217169693741564
27,8,9,49,2.496,4,104.72,101191,289.31,212.9,-661.1,31.8,358,134,373.5,0,1.21848697527783,244.300073256565,20.0247153255829,224274.534745982,49.21,49.21,0.54,0.59,0,19.909,19.666,45.047,43.803,101191,1.4730474152282e-05,2.00257726863807,2.00257726863807,2.12022567988843,-6.0173717081957,27.1183678081004,-1.16185981038359,-0.774637698122,-2.42949364303306,0.0399631096125883,-0.113418532487054,0.511141014614365,-0.015680578745082,-0.0885004486295673,-0.0327886945049582,0.512396455972467,0.0176651877365114,0.113418532487054,0.511141014614365,0.0477774383696414,0.110354565035887,-0.0461747876400804,-0.0997641696967511,-0.0997641696967511,-0.0347684821052636,1.39658967036375,0.164979635584137,0.217169693741564
28,8,10,41,2.496,-9.995,104.26,101189,289.29,330.2,896.7,533.5,-88.4,83.8,-457.2,0,1.21854713052767,243.226989671087,19.9801946346008,223798.964585348,49.21,49.21,0.59,0.58,0,19.603,19.399,45.032,44.352,101189,1.47289565696783e-05,1.9981249644582,1.9981249644582,2.61384092083115,8.52080265536963,29.3389505135655,-1.04604464183316,-1.91365338100161,2.84055942206856,0.0494843840843911,0.161313057709547,0.555435445315687,-0.0141798099486113,-0.219594750251745,0.0385056154793571,0.557063511049193,0.0252484225010611,-0.161313057709547,0.555435445315687,0.0767312098266065,-0.150276173408696,0.0295801656222445,-0.233542070790895,-0.233542070790895,0.0397572894092518,1.39658967036375,0.164979635584137,0.217169693741564
29,8,11,37,2.496,7.995,104.54,101188,289.23,131.1,-1319.7,-130.1,578.5,48.1,714.7,0,1.21878787012658,243.880168651762,20.0050287346548,224157.490600776,49.21,49.21,0.64,0.54,0,19.357,19.146,45.333,43.908,101188,1.47236763832782e-05,2.00060850559457,2.00060850559457,1.32389613551781,-12.3656501342378,28.5475251390506,-1.71925758234545,-1.09676766581269,-4.63298453670702,0.0249964427710179,-0.23347546504168,0.53900495608998,-0.0232432266564305,-0.125518746308927,-0.0626348900759313,0.539582168972624,0.0014992556700909,0.23347546504168,0.53900495608998,0.0572268106497112,0.227729460260405,-0.0862367686170447,-0.132564067901116,-0.132564067901116,-0.0663310463973233,1.39658967036375,0.164979635584137,0.217169693741564
30,8,12,3,2.496,10,104.35,101189,289.23,275.9,-946,-97.8,526.8,108.5,479.3,0,1.21879991491322,243.436939266442,19.9867430735795,223954.811955871,49.21,49.21,0.61,0.57,0,19.246,19.051,45.458,44.008,101189,1.47235308765889e-05,1.99877984293366,1.99877984293366,2.56539661210325,-9.39727063688452,28.9086716433758,0.0346801363503658,-1.64569585920412,-3.11054228130915,0.0485253659171816,-0.177752630578143,0.546817541995725,0.00046970617845903,-0.188683332688573,-0.0421290422023828,0.548412018944848,0.0246656207803266,0.177752630578143,0.546817541995725,0.0786545769483923,0.16662582734953,-0.0477486096008627,-0.202360351110633,-0.202360351110633,-0.0441685076625496,1.39658967036375,0.164979635584137,0.217169693741564
